{"cameraMode":{"drawMode":0,"name":"Shaded","section":"Shading Mode"},"sceneLighting":true,"audioPlay":false,"sceneViewState":{"showFog":true,"showMaterialUpdate":false,"showSkybox":true,"showFlares":true,"showImageEffects":true,"showParticleSystems":true},"in2DMode":false,"pivot":{"x":231.24429321289063,"y":-257.5711975097656,"z":17.030372619628908},"rotation":{"x":-0.20574985444545747,"y":0.027002329006791116,"z":-0.005679577589035034,"w":-0.9782155752182007},"size":1323.3233642578125,"orthographic":false}